{"ongoing_trials": {}, "hyperparameters": {"space": [{"class_name": "Int", "config": {"name": "num_layers", "default": null, "conditions": [], "min_value": 1, "max_value": 3, "step": 1, "sampling": "linear"}}, {"class_name": "Int", "config": {"name": "units_0", "default": null, "conditions": [], "min_value": 32, "max_value": 256, "step": 32, "sampling": "linear"}}, {"class_name": "Choice", "config": {"name": "act_0", "default": "relu", "conditions": [], "values": ["relu", "tanh", "leaky_relu"], "ordered": false}}, {"class_name": "Float", "config": {"name": "l2_reg", "default": 0.0, "conditions": [], "min_value": 0.0, "max_value": 0.1, "step": 0.01, "sampling": "linear"}}, {"class_name": "Boolean", "config": {"name": "dropout_0", "default": false, "conditions": []}}, {"class_name": "Choice", "config": {"name": "optimizer", "default": "adam", "conditions": [], "values": ["adam", "sgd", "rmsprop"], "ordered": false}}, {"class_name": "Float", "config": {"name": "learning_rate", "default": 0.0001, "conditions": [], "min_value": 0.0001, "max_value": 0.01, "step": null, "sampling": "log"}}, {"class_name": "Float", "config": {"name": "dropout_rate_0", "default": 0.1, "conditions": [], "min_value": 0.1, "max_value": 0.5, "step": 0.1, "sampling": "linear"}}, {"class_name": "Int", "config": {"name": "units_1", "default": null, "conditions": [], "min_value": 32, "max_value": 256, "step": 32, "sampling": "linear"}}, {"class_name": "Choice", "config": {"name": "act_1", "default": "relu", "conditions": [], "values": ["relu", "tanh", "leaky_relu"], "ordered": false}}, {"class_name": "Boolean", "config": {"name": "dropout_1", "default": false, "conditions": []}}, {"class_name": "Int", "config": {"name": "units_2", "default": null, "conditions": [], "min_value": 32, "max_value": 256, "step": 32, "sampling": "linear"}}, {"class_name": "Choice", "config": {"name": "act_2", "default": "relu", "conditions": [], "values": ["relu", "tanh", "leaky_relu"], "ordered": false}}, {"class_name": "Boolean", "config": {"name": "dropout_2", "default": false, "conditions": []}}, {"class_name": "Float", "config": {"name": "dropout_rate_1", "default": 0.1, "conditions": [], "min_value": 0.1, "max_value": 0.5, "step": 0.1, "sampling": "linear"}}, {"class_name": "Float", "config": {"name": "dropout_rate_2", "default": 0.1, "conditions": [], "min_value": 0.1, "max_value": 0.5, "step": 0.1, "sampling": "linear"}}], "values": {"num_layers": 1, "units_0": 32, "act_0": "relu", "l2_reg": 0.0, "dropout_0": false, "optimizer": "adam", "learning_rate": 0.0001, "dropout_rate_0": 0.1, "units_1": 32, "act_1": "relu", "dropout_1": false, "units_2": 32, "act_2": "relu", "dropout_2": false, "dropout_rate_1": 0.1, "dropout_rate_2": 0.1}}, "start_order": ["00", "01", "02", "03", "04", "05", "06", "07", "08", "09", "10", "11", "12", "13", "14", "15", "16", "17", "18", "19", "20", "21", "22", "23", "24", "25", "26", "27", "28", "29"], "end_order": ["00", "01", "02", "03", "04", "05", "06", "07", "08", "09", "10", "11", "12", "13", "14", "15", "16", "17", "18", "19", "20", "21", "22", "23", "24", "25", "26", "27", "28", "29"], "run_times": {"00": 1, "01": 1, "02": 1, "03": 1, "04": 1, "05": 1, "06": 1, "07": 1, "08": 1, "09": 1, "10": 1, "11": 1, "12": 1, "13": 1, "14": 1, "15": 1, "16": 1, "17": 1, "18": 1, "19": 1, "20": 1, "21": 1, "22": 1, "23": 1, "24": 1, "25": 1, "26": 1, "27": 1, "28": 1, "29": 1}, "retry_queue": [], "seed": 3071, "seed_state": 3520, "tried_so_far": ["58b5bfc14caff5d452d1b322fbca92d6", "2d7bb915061d101442d05794d9893199", "9cc2d03ad29c2065e5532958c2e49b08", "cda0205de32f649311f4ebd31dbd55ef", "3e383cc0a2532bc1f6f7b4be9f4b0bde", "3d7322d92672b1cdff4020bd9d35a28f", "752e8c23c215c37d34cea7c9b5ccac25", "5c5073167d83e8972abd6ce902cdcca0", "ff6d117c194019759bd43844dc85eb5e", "c5ba602284de4eafec3ce4203d7914b7", "fa896278bb9d00cd315a3cccfe303180", "a2ca6573ddcd650dac772bb356ef0867", "2552496a6d6356cfe233f2b1aed40dfc", "6d51a3e794bf5290e2cc987aee5e00df", "8c5c5680cc82492c43ce47927bbc6c7e", "5875ced30b0c3beb7dcd1f89e4b1f441", "5b1eb8ddc6bb5c6433fcb4fd1519d1b7", "267628c5b762946de2110cb710c720d7", "29469e600b75b55c9bc7630350adf375", "dba5fed98c9d3c48dc50f6ef734782a3", "dad8b9f7dab6868f21e7067bda52d336", "85a920b96b8f0238aac965d248fb3057", "d310733ac107366b339d1c9e02a7123c", "47c37ff1b214e1d571dd7d5f181709da", "75b15bfd59d1cd83c1990bdfab2a8bdd", "b834566c3455f21cbe6e51ec2843eacd", "221a7db346a0a6e1d6a1e0358f023810", "116e98dc9c6ebe6e2bd9c07fbff12fbf", "8555082f85671f65a6e422910714494f", "3599488bcd6b76f126291a2a6067c6d8"], "id_to_hash": {"00": "58b5bfc14caff5d452d1b322fbca92d6", "01": "3599488bcd6b76f126291a2a6067c6d8", "02": "2d7bb915061d101442d05794d9893199", "03": "6d51a3e794bf5290e2cc987aee5e00df", "04": "ff6d117c194019759bd43844dc85eb5e", "05": "752e8c23c215c37d34cea7c9b5ccac25", "06": "a2ca6573ddcd650dac772bb356ef0867", "07": "116e98dc9c6ebe6e2bd9c07fbff12fbf", "08": "5b1eb8ddc6bb5c6433fcb4fd1519d1b7", "09": "29469e600b75b55c9bc7630350adf375", "10": "8555082f85671f65a6e422910714494f", "11": "85a920b96b8f0238aac965d248fb3057", "12": "47c37ff1b214e1d571dd7d5f181709da", "13": "267628c5b762946de2110cb710c720d7", "14": "fa896278bb9d00cd315a3cccfe303180", "15": "8c5c5680cc82492c43ce47927bbc6c7e", "16": "b834566c3455f21cbe6e51ec2843eacd", "17": "2552496a6d6356cfe233f2b1aed40dfc", "18": "d310733ac107366b339d1c9e02a7123c", "19": "dba5fed98c9d3c48dc50f6ef734782a3", "20": "221a7db346a0a6e1d6a1e0358f023810", "21": "3d7322d92672b1cdff4020bd9d35a28f", "22": "5c5073167d83e8972abd6ce902cdcca0", "23": "5875ced30b0c3beb7dcd1f89e4b1f441", "24": "c5ba602284de4eafec3ce4203d7914b7", "25": "dad8b9f7dab6868f21e7067bda52d336", "26": "3e383cc0a2532bc1f6f7b4be9f4b0bde", "27": "75b15bfd59d1cd83c1990bdfab2a8bdd", "28": "cda0205de32f649311f4ebd31dbd55ef", "29": "9cc2d03ad29c2065e5532958c2e49b08"}, "display": {"search_start": "2025-04-14T23:46:32.444486", "trial_start": {"00": "2025-04-14T23:46:32.444486", "01": "2025-04-14T23:47:05.052004", "02": "2025-04-14T23:47:14.752545", "03": "2025-04-14T23:48:00.635221", "04": "2025-04-14T23:48:21.485078", "05": "2025-04-14T23:48:45.810552", "06": "2025-04-14T23:49:01.953378", "07": "2025-04-14T23:49:12.328829", "08": "2025-04-14T23:49:39.798764", "09": "2025-04-14T23:50:24.985490", "10": "2025-04-14T23:51:10.347967", "11": "2025-04-14T23:51:24.401767", "12": "2025-04-14T23:51:41.865162", "13": "2025-04-14T23:51:56.836288", "14": "2025-04-14T23:52:17.758224", "15": "2025-04-14T23:52:39.188830", "16": "2025-04-14T23:52:48.510637", "17": "2025-04-14T23:53:18.300129", "18": "2025-04-14T23:53:58.471084", "19": "2025-04-14T23:54:43.711958", "20": "2025-04-14T23:55:13.699454", "21": "2025-04-14T23:55:26.413023", "22": "2025-04-14T23:55:38.881318", "23": "2025-04-14T23:55:49.316999", "24": "2025-04-14T23:56:01.802703", "25": "2025-04-14T23:56:50.109443", "26": "2025-04-14T23:57:16.676137", "27": "2025-04-14T23:57:27.485975", "28": "2025-04-14T23:57:49.980322", "29": "2025-04-14T23:58:03.917598"}, "trial_number": {"00": 1, "01": 2, "02": 3, "03": 4, "04": 5, "05": 6, "06": 7, "07": 8, "08": 9, "09": 10, "10": 11, "11": 12, "12": 13, "13": 14, "14": 15, "15": 16, "16": 17, "17": 18, "18": 19, "19": 20, "20": 21, "21": 22, "22": 23, "23": 24, "24": 25, "25": 26, "26": 27, "27": 28, "28": 29, "29": 30}}}