{"trial_id": "12", "hyperparameters": {"space": [{"class_name": "Int", "config": {"name": "num_layers", "default": null, "conditions": [], "min_value": 1, "max_value": 3, "step": 1, "sampling": "linear"}}, {"class_name": "Int", "config": {"name": "units_0", "default": null, "conditions": [], "min_value": 32, "max_value": 256, "step": 32, "sampling": "linear"}}, {"class_name": "Choice", "config": {"name": "act_0", "default": "relu", "conditions": [], "values": ["relu", "tanh", "leaky_relu"], "ordered": false}}, {"class_name": "Float", "config": {"name": "l2_reg", "default": 0.0, "conditions": [], "min_value": 0.0, "max_value": 0.1, "step": 0.01, "sampling": "linear"}}, {"class_name": "Boolean", "config": {"name": "dropout_0", "default": false, "conditions": []}}, {"class_name": "Choice", "config": {"name": "optimizer", "default": "adam", "conditions": [], "values": ["adam", "sgd", "rmsprop"], "ordered": false}}, {"class_name": "Float", "config": {"name": "learning_rate", "default": 0.0001, "conditions": [], "min_value": 0.0001, "max_value": 0.01, "step": null, "sampling": "log"}}, {"class_name": "Float", "config": {"name": "dropout_rate_0", "default": 0.1, "conditions": [], "min_value": 0.1, "max_value": 0.5, "step": 0.1, "sampling": "linear"}}, {"class_name": "Int", "config": {"name": "units_1", "default": null, "conditions": [], "min_value": 32, "max_value": 256, "step": 32, "sampling": "linear"}}, {"class_name": "Choice", "config": {"name": "act_1", "default": "relu", "conditions": [], "values": ["relu", "tanh", "leaky_relu"], "ordered": false}}, {"class_name": "Boolean", "config": {"name": "dropout_1", "default": false, "conditions": []}}, {"class_name": "Int", "config": {"name": "units_2", "default": null, "conditions": [], "min_value": 32, "max_value": 256, "step": 32, "sampling": "linear"}}, {"class_name": "Choice", "config": {"name": "act_2", "default": "relu", "conditions": [], "values": ["relu", "tanh", "leaky_relu"], "ordered": false}}, {"class_name": "Boolean", "config": {"name": "dropout_2", "default": false, "conditions": []}}, {"class_name": "Float", "config": {"name": "dropout_rate_1", "default": 0.1, "conditions": [], "min_value": 0.1, "max_value": 0.5, "step": 0.1, "sampling": "linear"}}, {"class_name": "Float", "config": {"name": "dropout_rate_2", "default": 0.1, "conditions": [], "min_value": 0.1, "max_value": 0.5, "step": 0.1, "sampling": "linear"}}], "values": {"num_layers": 1, "units_0": 256, "act_0": "tanh", "l2_reg": 0.08, "dropout_0": true, "optimizer": "rmsprop", "learning_rate": 0.0007467765358041775, "dropout_rate_0": 0.30000000000000004, "units_1": 128, "act_1": "relu", "dropout_1": false, "units_2": 96, "act_2": "relu", "dropout_2": false, "dropout_rate_1": 0.4, "dropout_rate_2": 0.4}}, "metrics": {"metrics": {"loss": {"direction": "min", "observations": [{"value": [0.4935979098081589], "step": 7}]}, "accuracy": {"direction": "max", "observations": [{"value": [0.8756250143051147], "step": 7}]}, "val_loss": {"direction": "min", "observations": [{"value": [0.49319517612457275], "step": 7}]}, "val_accuracy": {"direction": "max", "observations": [{"value": [0.8774999976158142], "step": 7}]}}}, "score": 0.8774999976158142, "best_step": 7, "status": "COMPLETED", "message": null}