{"trial_id": "00", "hyperparameters": {"space": [{"class_name": "Int", "config": {"name": "num_layers", "default": null, "conditions": [], "min_value": 1, "max_value": 3, "step": 1, "sampling": "linear"}}, {"class_name": "Int", "config": {"name": "units_0", "default": null, "conditions": [], "min_value": 32, "max_value": 256, "step": 32, "sampling": "linear"}}, {"class_name": "Choice", "config": {"name": "act_0", "default": "relu", "conditions": [], "values": ["relu", "tanh", "leaky_relu"], "ordered": false}}, {"class_name": "Float", "config": {"name": "l2_reg", "default": 0.0, "conditions": [], "min_value": 0.0, "max_value": 0.1, "step": 0.01, "sampling": "linear"}}, {"class_name": "Boolean", "config": {"name": "dropout_0", "default": false, "conditions": []}}, {"class_name": "Choice", "config": {"name": "optimizer", "default": "adam", "conditions": [], "values": ["adam", "sgd", "rmsprop"], "ordered": false}}, {"class_name": "Float", "config": {"name": "learning_rate", "default": 0.0001, "conditions": [], "min_value": 0.0001, "max_value": 0.01, "step": null, "sampling": "log"}}, {"class_name": "Float", "config": {"name": "dropout_rate_0", "default": 0.1, "conditions": [], "min_value": 0.1, "max_value": 0.5, "step": 0.1, "sampling": "linear"}}], "values": {"num_layers": 1, "units_0": 64, "act_0": "relu", "l2_reg": 0.03, "dropout_0": true, "optimizer": "sgd", "learning_rate": 0.0004511920348877416, "dropout_rate_0": 0.1}}, "metrics": {"metrics": {"loss": {"direction": "min", "observations": [{"value": [1.0958466529846191], "step": 23}]}, "accuracy": {"direction": "max", "observations": [{"value": [0.8500000238418579], "step": 23}]}, "val_loss": {"direction": "min", "observations": [{"value": [1.1140750050544739], "step": 23}]}, "val_accuracy": {"direction": "max", "observations": [{"value": [0.8400000035762787], "step": 23}]}}}, "score": 0.8400000035762787, "best_step": 23, "status": "COMPLETED", "message": null}