{"trial_id": "03", "hyperparameters": {"space": [{"class_name": "Int", "config": {"name": "num_layers", "default": null, "conditions": [], "min_value": 1, "max_value": 3, "step": 1, "sampling": "linear"}}, {"class_name": "Int", "config": {"name": "units_0", "default": null, "conditions": [], "min_value": 32, "max_value": 256, "step": 32, "sampling": "linear"}}, {"class_name": "Choice", "config": {"name": "act_0", "default": "relu", "conditions": [], "values": ["relu", "tanh", "leaky_relu"], "ordered": false}}, {"class_name": "Float", "config": {"name": "l2_reg", "default": 0.0, "conditions": [], "min_value": 0.0, "max_value": 0.1, "step": 0.01, "sampling": "linear"}}, {"class_name": "Boolean", "config": {"name": "dropout_0", "default": false, "conditions": []}}, {"class_name": "Choice", "config": {"name": "optimizer", "default": "adam", "conditions": [], "values": ["adam", "sgd", "rmsprop"], "ordered": false}}, {"class_name": "Float", "config": {"name": "learning_rate", "default": 0.0001, "conditions": [], "min_value": 0.0001, "max_value": 0.01, "step": null, "sampling": "log"}}, {"class_name": "Float", "config": {"name": "dropout_rate_0", "default": 0.1, "conditions": [], "min_value": 0.1, "max_value": 0.5, "step": 0.1, "sampling": "linear"}}, {"class_name": "Int", "config": {"name": "units_1", "default": null, "conditions": [], "min_value": 32, "max_value": 256, "step": 32, "sampling": "linear"}}, {"class_name": "Choice", "config": {"name": "act_1", "default": "relu", "conditions": [], "values": ["relu", "tanh", "leaky_relu"], "ordered": false}}, {"class_name": "Boolean", "config": {"name": "dropout_1", "default": false, "conditions": []}}, {"class_name": "Int", "config": {"name": "units_2", "default": null, "conditions": [], "min_value": 32, "max_value": 256, "step": 32, "sampling": "linear"}}, {"class_name": "Choice", "config": {"name": "act_2", "default": "relu", "conditions": [], "values": ["relu", "tanh", "leaky_relu"], "ordered": false}}, {"class_name": "Boolean", "config": {"name": "dropout_2", "default": false, "conditions": []}}], "values": {"num_layers": 2, "units_0": 96, "act_0": "leaky_relu", "l2_reg": 0.07, "dropout_0": true, "optimizer": "adam", "learning_rate": 0.0009515242925187771, "dropout_rate_0": 0.4, "units_1": 128, "act_1": "tanh", "dropout_1": false, "units_2": 128, "act_2": "leaky_relu", "dropout_2": false}}, "metrics": {"metrics": {"loss": {"direction": "min", "observations": [{"value": [0.4329777806997299], "step": 15}]}, "accuracy": {"direction": "max", "observations": [{"value": [0.8768750131130219], "step": 15}]}, "val_loss": {"direction": "min", "observations": [{"value": [0.4663050025701523], "step": 15}]}, "val_accuracy": {"direction": "max", "observations": [{"value": [0.8799999952316284], "step": 15}]}}}, "score": 0.8799999952316284, "best_step": 15, "status": "COMPLETED", "message": null}